<!DOCTYPE ui:UiBinder SYSTEM "http://dl.google.com/gwt/DTD/xhtml.ent">
<ui:UiBinder xmlns:ui="urn:ui:com.google.gwt.uibinder"
	xmlns:g="urn:import:com.google.gwt.user.client.ui"
	xmlns:c="urn:import:com.google.gwt.user.cellview.client" xmlns:p1="urn:import:com.google.gwt.user.datepicker.client">
	<ui:style>
	.important {
		font-weight: bold;
	}
	.error {
		color:red;
	}
	.success {
		color:blue;
	}
	.showhidden {
		overflow:auto !important; 
	}
	</ui:style>

    	<g:VerticalPanel>
    		
	 <g:DockLayoutPanel
    unit="EM" width="1124px" height="502px" styleName="{style.showhidden}">
	 	<g:north
      size="4.5">
      <g:HTMLPanel height="45">
        <g:HorizontalPanel horizontalAlignment="ALIGN_LEFT" verticalAlignment="ALIGN_MIDDLE" spacing="5" height="">
        	<g:VerticalPanel ui:field="pagerPanel">        		
        	</g:VerticalPanel>
        	<p1:DateBox ui:field="txtDate" visible="false"/>
        	<g:Button ui:field="btnStart">Start Delivery</g:Button>
        	<g:Button text="Print" height="" ui:field="btnPrint"/>
        </g:HorizontalPanel>
        <g:HTMLPanel height="5px">
        	<hr/>
        </g:HTMLPanel>
      </g:HTMLPanel>
    </g:north>
    <!-- DataGrid. -->
    <g:center>
      <c:DataGrid
        ui:field='dataGrid' pageSize="10" />
    </g:center>
    <g:east size="33">
    	<g:ScrollPanel width="400px" height="400px">
    		<g:VerticalPanel width="100%" height="100%" spacing="5" styleName="{style.showhidden}">
    		<g:HorizontalPanel width="100%" verticalAlignment="ALIGN_TOP" ui:field="detailPanel"/>
			<g:HorizontalPanel width="100%" verticalAlignment="ALIGN_TOP" ui:field="tankPanel"/>
    		<g:HorizontalPanel width="100%" verticalAlignment="ALIGN_TOP" ui:field="pumpPanel" styleName="{style.showhidden}"/>    		
    	</g:VerticalPanel>
    	</g:ScrollPanel>
    </g:east>
    <!-- Pager. -->
  </g:DockLayoutPanel>
  </g:VerticalPanel>
</ui:UiBinder> 