<?xml version="1.0" encoding="UTF-8"?>
<!--
  When updating your version of GWT, you should also update this DTD reference,
  so that your app can take advantage of the latest GWT module capabilities.
-->
<!DOCTYPE module PUBLIC "-//Google Inc.//DTD Google Web Toolkit 2.6.1//EN"
  "file:////home/sainw/apps/gwt-2.6.1/gwt-module.dtd">
<module rename-to='forward'>
  <!-- Inherit the core Web Toolkit stuff.                        -->
  <inherits name='com.google.gwt.user.User'/>
	<inherits name="com.google.gwt.http.HTTP" />
	<inherits name="com.google.web.bindery.autobean.AutoBean"/>

	<inherits name='com.google.gwt.core.Core'/>
  <inherits name="com.google.gwt.i18n.I18N"/>
  <inherits name="com.google.gwt.i18n.CldrLocales"/>

  <!-- Inherit the default GWT style sheet.  You can change       -->
  <!-- the theme of your GWT application by uncommenting          -->
  <!-- any one of the following lines.                            -->
  <inherits name="gwt.material.design.GwtMaterialWithJQuery" />
  <!-- <inherits name='com.google.gwt.user.theme.clean.Clean'/> -->
  <!-- <inherits name='com.google.gwt.user.theme.standard.Standard'/> -->
  <!-- <inherits name='com.google.gwt.user.theme.chrome.Chrome'/> -->
  <!-- <inherits name='com.google.gwt.user.theme.dark.Dark'/>     -->

  <!-- Other module inherits                                      -->

  <!-- Specify the app entry point class.                         -->
  <entry-point class='autoleum.com.client.Forward'/>

  <!-- Specify the paths for translatable code                    -->
  <source path='client'/>
  <source path='shared'/>

  <!-- allow Super Dev Mode -->
  <add-linker name="xsiframe"/>
</module>
