<!DOCTYPE ui:UiBinder SYSTEM "http://dl.google.com/gwt/DTD/xhtml.ent">
<ui:UiBinder xmlns:ui="urn:ui:com.google.gwt.uibinder"
	xmlns:g="urn:import:com.google.gwt.user.client.ui"
	xmlns:c="urn:import:com.google.gwt.user.cellview.client" xmlns:p1="urn:import:com.google.gwt.user.datepicker.client">
	<ui:style>
	.important {
		font-weight: bold;
	}
	.error {
		color:red;
	}
	.success {
		color:blue;
	}
	</ui:style>

    	<g:VerticalPanel>
    		<g:Label text="New Label" ui:field="lblError" styleName="{style.error}"/>    	
    		<g:Label text="New Label" ui:field="lblSuccess" styleName="{style.success}"/>
    		
	 <g:DockLayoutPanel
    unit="EM" width="924px" height="600px">
	 	<g:north
      size="6.5">
      <g:HTMLPanel height="">
      	<g:HorizontalPanel verticalAlignment="ALIGN_MIDDLE" height="32" spacing="1">
      		<g:Label text="Start Date:"/>
      		<p1:DateBox ui:field="dateStart"/>
      		<g:Label text="End Date:"/>
      		<p1:DateBox ui:field="dateEnd"/>
      	</g:HorizontalPanel>
      	<g:HorizontalPanel verticalAlignment="ALIGN_MIDDLE" height="32" spacing="1">
      		<g:Label text="Customer:"/>
      		<g:ListBox width="250px" ui:field="listCustomers"/>
      		<g:Label text="Car Number:"/>
      		<g:ListBox ui:field="listVehicle" width="250px"/>
      		<g:Button ui:field="btnSearch">Search</g:Button>
      		<g:Button ui:field="btnPrint" text="Print"/>
      	</g:HorizontalPanel>
        <g:HorizontalPanel horizontalAlignment="ALIGN_LEFT" verticalAlignment="ALIGN_MIDDLE" spacing="5" height="32">
        	<g:VerticalPanel ui:field="pagerPanel">        		
        	</g:VerticalPanel>
        </g:HorizontalPanel>
        <g:HTMLPanel height="5px">
        	<hr/>
        </g:HTMLPanel>
      </g:HTMLPanel>
    </g:north>
    <!-- DataGrid. -->
    <g:center>
      <c:DataGrid
        ui:field='dataGrid' pageSize="10" />
    </g:center>
    <!-- Pager. -->
  </g:DockLayoutPanel>
  </g:VerticalPanel>
</ui:UiBinder> 