<!DOCTYPE ui:UiBinder SYSTEM "http://dl.google.com/gwt/DTD/xhtml.ent">
<ui:UiBinder xmlns:ui="urn:ui:com.google.gwt.uibinder"
	xmlns:g="urn:import:com.google.gwt.user.client.ui"
	xmlns:c="urn:import:com.google.gwt.user.cellview.client" xmlns:p1="urn:import:com.google.gwt.user.datepicker.client">
	<ui:style>
	.important {
		font-weight: bold;
	}
	.error {
		color:red;
	}
	.success {
		color:blue;
	}
	</ui:style>

    	<g:VerticalPanel>
    		<g:Label text="New Label" ui:field="lblError" styleName="{style.error}"/>    	
    		<g:Label text="New Label" ui:field="lblSuccess" styleName="{style.success}"/>
    		
	 <g:DockLayoutPanel
    unit="EM" width="924px" height="502px">
	 	<g:north
      size="4.5">
      <g:HTMLPanel height="45">
        <g:HorizontalPanel horizontalAlignment="ALIGN_LEFT" verticalAlignment="ALIGN_MIDDLE" spacing="5" height="">
        	<g:VerticalPanel ui:field="pagerPanel">        		
        	</g:VerticalPanel>
        	<p1:DateBox ui:field="txtDate" visible="false"/>
        	<g:Button ui:field="btnSearch" visible="false">Search</g:Button>
        </g:HorizontalPanel>
        <g:HTMLPanel height="5px">
        	<hr/>
        </g:HTMLPanel>
      </g:HTMLPanel>
    </g:north>
    <!-- DataGrid. -->
    <g:center>
      <c:DataGrid
        ui:field='dataGrid' pageSize="10" />
    </g:center>
    <!-- Pager. -->
  </g:DockLayoutPanel>
  </g:VerticalPanel>
</ui:UiBinder> 