<!DOCTYPE ui:UiBinder SYSTEM "http://dl.google.com/gwt/DTD/xhtml.ent">
<ui:UiBinder xmlns:ui="urn:ui:com.google.gwt.uibinder"
	xmlns:g="urn:import:com.google.gwt.user.client.ui">
	<ui:style>
	.important {
		font-weight: bold;
	}
	</ui:style>
	<g:HTMLPanel>
		<g:VerticalPanel width="400px" height="100%">
			<g:HorizontalPanel width="100%" verticalAlignment="ALIGN_MIDDLE" spacing="10">
				<g:Label text="Station Name :" width="150px"/>
				<g:TextBox ui:field="txtStationName" width="250px"/>
			</g:HorizontalPanel>
			<g:HorizontalPanel width="100%" verticalAlignment="ALIGN_MIDDLE" spacing="10">
				<g:Label text="Address :" width="150px"/>
				<g:TextBox ui:field="txtAddress" width="250px"/>
			</g:HorizontalPanel>
			<g:HorizontalPanel width="100%" verticalAlignment="ALIGN_MIDDLE" spacing="10">
				<g:Label text="Station Phones :" width="150px"/>
				<g:TextBox ui:field="txtPhones" width="250px"/>
			</g:HorizontalPanel>
			<g:HorizontalPanel width="100%" verticalAlignment="ALIGN_MIDDLE" spacing="10">
				<g:Label text="Station Code :" width="150px"/>
				<g:TextBox ui:field="txtStationCode" width="250px"/>
			</g:HorizontalPanel>
			<g:HorizontalPanel width="100%" verticalAlignment="ALIGN_MIDDLE" spacing="10">
				<g:Label text="Money Divider :" width="150px"/>
				<g:TextBox ui:field="txtMoneyDivider" width="250px"/>
			</g:HorizontalPanel>
			<g:HorizontalPanel width="100%" verticalAlignment="ALIGN_MIDDLE" spacing="10">
				<g:Label text="Volume Divider :" width="150px"/>
				<g:TextBox ui:field="txtVolumeDivider" width="250px"/>
			</g:HorizontalPanel>
			<g:HorizontalPanel width="100%" horizontalAlignment="ALIGN_CENTER" spacing="5">
				<g:Button text="Save" ui:field="btnSave" width="120px" height="40px"/>
			</g:HorizontalPanel>
		</g:VerticalPanel>		
	</g:HTMLPanel>
</ui:UiBinder> 