<!DOCTYPE ui:UiBinder SYSTEM "http://dl.google.com/gwt/DTD/xhtml.ent">
<ui:UiBinder xmlns:ui="urn:ui:com.google.gwt.uibinder"
	xmlns:g="urn:import:com.google.gwt.user.client.ui" xmlns:p1="urn:import:com.google.gwt.user.datepicker.client">
	<ui:style>
	.important {
		font-weight: bold;
	}
	</ui:style>
	<g:VerticalPanel width="100%" height="100%">
		<g:HorizontalPanel width="100%">
			<g:DockLayoutPanel unit="EM" width="100%" height="70px">
				<g:south size="4.0">
					<g:VerticalPanel width="100%" height="100%">
						<g:Label>Select Date:</g:Label>
						<g:DockPanel width="100%" verticalAlignment="ALIGN_MIDDLE">
							<g:Dock direction="WEST">
								<g:HorizontalPanel verticalAlignment="ALIGN_MIDDLE" height="100%">
							<p1:DateBox ui:field="dateField"/>
							<g:Label text="MOP :"/>
      						<g:ListBox ui:field="mop" width="60px"/>
							<m:MaterialButton ui:field="findbtn" text="Find" waves="LIGHT" backgroundColor="blue" textColor="white" iconType="POLYMER" iconPosition="LEFT"/>
						</g:HorizontalPanel>
							</g:Dock>
							<g:Dock direction="CENTER">
								<g:HorizontalPanel width="100%" verticalAlignment="ALIGN_MIDDLE" height="100%">
									<g:Button text="Print" height="" ui:field="btnPrint"/>
								</g:HorizontalPanel>
							</g:Dock>
						</g:DockPanel>
					</g:VerticalPanel>
				</g:south>
			</g:DockLayoutPanel>
		</g:HorizontalPanel>
		<g:HorizontalPanel width="100%" verticalAlignment="ALIGN_TOP" ui:field="content">
		</g:HorizontalPanel>
	</g:VerticalPanel>		
</ui:UiBinder> 